lr,hidden_channels,F1_mean,F1_std
0.001,32,0.341514528810668,0.05703424403287117
0.001,64,0.36421189456935527,0.04403406107636717
0.001,128,0.3795593625539117,0.011960298490833876
0.005,32,0.37681511357177916,0.054593998805798655
0.005,64,0.419981167463869,0.04824216133737405
0.005,128,0.36034798958049397,0.011423353649080549
0.01,32,0.37451123412029036,0.026612081448132974
0.01,64,0.4328176355877799,0.02662525533412414
0.01,128,0.39158321786682687,0.031160531425097983
0.001,32,0.3581983638704013,0.144677857699883
0.001,64,0.40633379294932864,0.0403798208846473
0.001,128,0.4794081927525964,0.03396283145636109
0.005,32,0.48768161728680165,0.036341170272345805
0.005,64,0.4611922562055459,0.052008739133484964
0.005,128,0.4854480020575919,0.01881687939947641
0.01,32,0.4746841175113006,0.01995905438962475
0.01,64,0.47564879605541055,0.0333474576380734
0.01,128,0.4717812508067139,0.04269590645653244
0.001,32,0.3581983638704013,0.144677857699883
0.001,64,0.40633379294932864,0.0403798208846473
0.001,128,0.4794081927525964,0.03396283145636109
0.005,32,0.48768161728680165,0.036341170272345805
0.005,64,0.4611922562055459,0.052008739133484964
0.005,128,0.4854480020575919,0.01881687939947641
0.01,32,0.4746841175113006,0.01995905438962475
0.01,64,0.47564879605541055,0.0333474576380734
0.01,128,0.4717812508067139,0.04269590645653244
