model,AUC,PR-AUC,F1,Precision,Recall,MCC,threshold,seed
GCN,0.8307725718587494,0.3217339582147501,0.4338738738738739,0.3557919621749409,0.5558633425669437,0.3965929963218336,0.6700000000000002,42
GCN,0.8349769835068065,0.3308326419015808,0.42167487684729066,0.327217125382263,0.592797783933518,0.3886229895274214,0.7100000000000002,1
GCN,0.8348529959117269,0.3435181754710508,0.45976095617529883,0.4043447792571829,0.5327793167128347,0.42130853822533476,0.7800000000000001,7
GCN,0.829415876253153,0.2888452707222619,0.42061855670103093,0.33497536945812806,0.5650969529085873,0.3843489946007178,0.6800000000000002,123
GCN,0.8360659476570936,0.3845203240824117,0.4600389863547758,0.398110661268556,0.5447830101569714,0.42222647074280306,0.6900000000000002,2024
GCN,0.8347691132387058,0.3386545875078571,0.43243243243243246,0.34608985024958405,0.5761772853185596,0.3972120670977532,0.7000000000000002,2
GCN,0.8414261156262224,0.3848956824522894,0.47235802933433624,0.39847715736040606,0.579870729455217,0.43724524399060183,0.7000000000000002,3
GCN,0.8353548405900435,0.3407619476901398,0.45113886847905954,0.3746186699206833,0.566943674976916,0.4148671619461298,0.7800000000000001,4
GCN,0.824572510854246,0.2709341755325171,0.39853747714808047,0.29740791268758526,0.6038781163434903,0.3676342851836155,0.7100000000000002,5
GCN,0.8429486216850571,0.3228830044319509,0.42958459979736574,0.33865814696485624,0.5872576177285319,0.39567188121581637,0.7600000000000002,6
GCN,0.8445268421887904,0.3870500887989778,0.49710982658959535,0.44958924570575054,0.5558633425669437,0.46118963938269264,0.7900000000000001,8
GCN,0.8389830623940767,0.347580371403682,0.4352596927578639,0.3603876438522108,0.5493998153277931,0.39740558150622934,0.6900000000000002,9
GCN,0.832654185801661,0.32971661527633267,0.4255471833512738,0.34800469483568075,0.5475530932594644,0.38749517307415865,0.6300000000000001,10
GCN,0.8280899257798289,0.27757003979113043,0.42882499112531064,0.34832756632064593,0.5577100646352724,0.39173006049479253,0.7000000000000002,11
GCN,0.8312349632459419,0.3031513451018987,0.41504273504273503,0.3295331161780673,0.5604801477377654,0.3783361492000725,0.7000000000000002,12
