architecture,metric,mean_graphsage,mean_variant,mean_diff,t_stat,p_value,significant_at_0.05,graphsage_win_ratio
TripleAttention-structural+global,AUC,0.8820053183747306,0.8283209407939387,0.05368437758079177,5.080032749213433,0.00016775499409007802,True,14/15
TripleAttention-structural+global,PR-AUC,0.4676712197472816,0.32625323746724744,0.14141798228003416,4.293770374040302,0.0007424394190483095,True,12/15
TripleAttention-structural+global,F1,0.5245222743463622,0.34731930699092095,0.1772029673554413,5.828496262987471,4.379925236609873e-05,True,13/15
TripleAttention-structural+global,Precision,0.5002488429591282,0.326049744201148,0.1741990987579802,5.86709126441729,4.0953833192860896e-05,True,13/15
TripleAttention-structural+global,Recall,0.5603570329332102,0.38965835641735924,0.17069867651585108,4.069931288790282,0.0011476232613846888,True,13/15
TripleAttention-structural+global,MCC,0.49242852969567885,0.30427381305177853,0.1881547166439003,5.942831966026714,3.5917514608166696e-05,True,13/15
Hybrid,AUC,0.8820053183747306,0.9357734838458618,-0.05376816547113124,-23.206408056965863,1.4202399160201307e-12,True,0/15
Hybrid,PR-AUC,0.4676712197472816,0.7860188089937967,-0.3183475892465151,-24.93891833833461,5.300161240999916e-13,True,0/15
Hybrid,F1,0.5245222743463622,0.7579024637478272,-0.23338018940146502,-25.50629727012091,3.892905774328019e-13,True,0/15
Hybrid,Precision,0.5002488429591282,0.8290110290707875,-0.3287621861116593,-17.206647877314772,8.176644475621911e-11,True,0/15
Hybrid,Recall,0.5603570329332102,0.6993536472760851,-0.13899661434287475,-9.466646406544246,1.833839243001093e-07,True,0/15
Hybrid,MCC,0.49242852969567885,0.746025443109262,-0.25359691341358326,-25.751349805589655,3.4140934386485303e-13,True,0/15
