comparison,metric,mean_xgb_raw,mean_graphsage,mean_diff,t_stat,p_value,significant_at_0.05,xgb_raw_win_ratio,mean_hybrid
XGBoost (raw only) در برابر GraphSAGE,AUC,0.9350092333141459,0.8820053183747306,0.05300391493941529,27.266973098510853,1.5557330723721358e-13,True,15/15,
XGBoost (raw only) در برابر GraphSAGE,PR-AUC,0.7871830732828795,0.4676712197472816,0.3195118535355982,25.310921222268306,4.326093819164095e-13,True,15/15,
XGBoost (raw only) در برابر GraphSAGE,F1,0.7597820703318476,0.5245222743463622,0.23525979598548521,24.24520916146093,7.80140047690334e-13,True,15/15,
XGBoost (raw only) در برابر GraphSAGE,Precision,0.8194444444444445,0.5002488429591282,0.3191956014853162,19.15937757853965,1.923066505700492e-11,True,15/15,
XGBoost (raw only) در برابر GraphSAGE,Recall,0.7082179132040628,0.5603570329332102,0.14786088027085262,10.553883971391771,4.771684106854345e-08,True,15/15,
XGBoost (raw only) در برابر GraphSAGE,MCC,0.7466287555710737,0.49242852969567885,0.2542002258753948,24.401406667861984,7.144534125317495e-13,True,15/15,
XGBoost (raw only) در برابر Hybrid (GraphSAGE+XGBoost),AUC,0.9350092333141459,,-0.0007642505317159154,-0.8407446165904395,0.41462020417702655,False,6/15,0.9357734838458618
XGBoost (raw only) در برابر Hybrid (GraphSAGE+XGBoost),PR-AUC,0.7871830732828795,,0.0011642642890831315,1.5449130093512875,0.14466710971148714,False,10/15,0.7860188089937967
XGBoost (raw only) در برابر Hybrid (GraphSAGE+XGBoost),F1,0.7597820703318476,,0.0018796065840202066,0.5619333718309358,0.5830466435894448,False,7/15,0.7579024637478272
XGBoost (raw only) در برابر Hybrid (GraphSAGE+XGBoost),Precision,0.8194444444444445,,-0.009566584626343078,-0.871608332985213,0.39812321130018236,False,4/15,0.8290110290707875
XGBoost (raw only) در برابر Hybrid (GraphSAGE+XGBoost),Recall,0.7082179132040628,,0.00886426592797785,2.959538880261567,0.010348619993647896,True,13/15,0.6993536472760851
XGBoost (raw only) در برابر Hybrid (GraphSAGE+XGBoost),MCC,0.7466287555710737,,0.0006033124618115929,0.14351383647534538,0.8879296078545429,False,6/15,0.746025443109262
