baseline,metric,mean_graphsage,mean_baseline,mean_diff,t_stat,p_value,significant_at_0.05,graphsage_win_ratio
LR بدون گراف,AUC,0.7871510741396471,0.7839344104192956,0.0032166637203514536,0.5316426647539771,0.6033077203631623,False,9/15
LR بدون گراف,PR-AUC,0.03403468379920924,0.020574449571606902,0.013460234227602334,2.579350342876556,0.021836945852860792,True,10/15
LR بدون گراف,F1,0.06835358340715383,0.039666666666666614,0.028686916740487227,3.020441659665176,0.009172154935572262,True,14/15
LR بدون گراف,Precision,0.05382658985013338,0.0203976688378471,0.033428921012286276,2.2774298522079164,0.038981357765477176,True,14/15
LR بدون گراف,Recall,0.24538152610441769,0.7168674698795179,-0.47148594377510045,-19.863689749298956,1.1797759176045673e-11,True,0/15
LR بدون گراف,MCC,0.08357747193588026,0.09678246495883353,-0.013204993022953219,-1.7290126512184323,0.1057844784435158,False,3/15
RF بدون گراف,AUC,0.7871510741396471,0.7766223715959354,0.010528702543711825,1.7404037257390665,0.10371152798225494,False,11/15
RF بدون گراف,PR-AUC,0.03403468379920924,0.019853362902400393,0.01418132089680884,2.7057457968430922,0.017063536998754122,True,11/15
RF بدون گراف,F1,0.06835358340715383,0.0447453679890062,0.023608215418147633,2.4960581550877987,0.025661312283887756,True,12/15
RF بدون گراف,Precision,0.05382658985013338,0.02391980763717621,0.029906782212957176,2.048828752056759,0.059707696964354566,False,12/15
RF بدون گراف,Recall,0.24538152610441769,0.3551539491298527,-0.10977242302543505,-5.166686181490377,0.00014304912925975692,True,2/15
RF بدون گراف,MCC,0.08357747193588026,0.07260978092294744,0.01096769101293283,1.328635887388191,0.20521892821148965,False,8/15
