run_id,timestamp,phase,experiment,seed,git_commit,git_dirty,metric_name,metric_value,checkpoint_path,log_path,notes
elliptic_01_train_tie_baseline_42_20260906105144,2026-09-06T10:51:44.981532,elliptic,01_train_tie_baseline,42,aca7e2b,True,F1,0.424653956646644,,outputs/logs/elliptic_01.log,
elliptic_01_train_tie_baseline_1_20260906105534,2026-09-06T10:55:34.852212,elliptic,01_train_tie_baseline,1,aca7e2b,True,F1,0.3704188481675393,,outputs/logs/elliptic_01.log,
elliptic_01_train_tie_baseline_42_20260906111624,2026-09-06T11:16:24.021447,elliptic,01_train_tie_baseline,42,aca7e2b,True,F1,0.424653956646644,,outputs/logs/elliptic_01.log,
elliptic_01_train_tie_baseline_1_20260906112113,2026-09-06T11:21:13.737756,elliptic,01_train_tie_baseline,1,aca7e2b,True,F1,0.3704188481675393,,outputs/logs/elliptic_01.log,
elliptic_01_train_tie_baseline_7_20260906112514,2026-09-06T11:25:14.659983,elliptic,01_train_tie_baseline,7,aca7e2b,True,F1,0.4552443712246019,,outputs/logs/elliptic_01.log,
elliptic_01_train_tie_baseline_123_20260906112902,2026-09-06T11:29:02.720490,elliptic,01_train_tie_baseline,123,aca7e2b,True,F1,0.5417310664605873,,outputs/logs/elliptic_01.log,
elliptic_01_train_tie_baseline_2024_20260906113243,2026-09-06T11:32:43.470193,elliptic,01_train_tie_baseline,2024,aca7e2b,True,F1,0.3223416080029641,,outputs/logs/elliptic_01.log,
elliptic_01_train_tie_baseline_2_20260906113625,2026-09-06T11:36:25.356605,elliptic,01_train_tie_baseline,2,aca7e2b,True,F1,0.519627681100769,,outputs/logs/elliptic_01.log,
elliptic_01_train_tie_baseline_3_20260906114045,2026-09-06T11:40:45.560858,elliptic,01_train_tie_baseline,3,aca7e2b,True,F1,0.408062930186824,,outputs/logs/elliptic_01.log,
elliptic_01_train_tie_baseline_4_20260906114433,2026-09-06T11:44:33.513147,elliptic,01_train_tie_baseline,4,aca7e2b,True,F1,0.3837655016910936,,outputs/logs/elliptic_01.log,
elliptic_01_train_tie_baseline_5_20260906114824,2026-09-06T11:48:24.545554,elliptic,01_train_tie_baseline,5,aca7e2b,True,F1,0.4116923076923077,,outputs/logs/elliptic_01.log,
elliptic_01_train_tie_baseline_6_20260906115207,2026-09-06T11:52:07.871442,elliptic,01_train_tie_baseline,6,aca7e2b,True,F1,0.45029420873335396,,outputs/logs/elliptic_01.log,
elliptic_01_train_tie_baseline_8_20260906115553,2026-09-06T11:55:53.862960,elliptic,01_train_tie_baseline,8,aca7e2b,True,F1,0.40240397177946174,,outputs/logs/elliptic_01.log,
elliptic_01_train_tie_baseline_9_20260906120001,2026-09-06T12:00:01.908200,elliptic,01_train_tie_baseline,9,aca7e2b,True,F1,0.341701011614837,,outputs/logs/elliptic_01.log,
elliptic_01_train_tie_baseline_10_20260906120516,2026-09-06T12:05:16.217106,elliptic,01_train_tie_baseline,10,aca7e2b,True,F1,0.33495736906211937,,outputs/logs/elliptic_01.log,
elliptic_01_train_tie_baseline_11_20260906120923,2026-09-06T12:09:23.482949,elliptic,01_train_tie_baseline,11,aca7e2b,True,F1,0.39598997493734334,,outputs/logs/elliptic_01.log,
elliptic_01_train_tie_baseline_12_20260906121313,2026-09-06T12:13:13.984226,elliptic,01_train_tie_baseline,12,aca7e2b,True,F1,0.3758241758241758,,outputs/logs/elliptic_01.log,
elliptic_06_final_checkpoint_42_20260906141554,2026-09-06T14:15:54.987382,elliptic,06_final_checkpoint,42,aca7e2b,True,F1,0.48224736636753807,,outputs/logs/elliptic_06.log,
elliptic_06_final_checkpoint_1_20260906142311,2026-09-06T14:23:11.721831,elliptic,06_final_checkpoint,1,aca7e2b,True,F1,0.4318463444857497,,outputs/logs/elliptic_06.log,
elliptic_06_final_checkpoint_7_20260906143007,2026-09-06T14:30:07.375228,elliptic,06_final_checkpoint,7,aca7e2b,True,F1,0.4740007074637425,,outputs/logs/elliptic_06.log,
elliptic_06_final_checkpoint_123_20260906143653,2026-09-06T14:36:53.825702,elliptic,06_final_checkpoint,123,aca7e2b,True,F1,0.4908896034297964,,outputs/logs/elliptic_06.log,
elliptic_06_final_checkpoint_2024_20260906144353,2026-09-06T14:43:53.223017,elliptic,06_final_checkpoint,2024,aca7e2b,True,F1,0.4511415525114155,,outputs/logs/elliptic_06.log,
elliptic_07_significance_test_15seed_42_20260906172111,2026-09-06T17:21:11.133367,elliptic,07_significance_test_15seed,42,aca7e2b,True,F1_graphsage,0.48224736636753807,,outputs/logs/elliptic_07.log,
elliptic_07_significance_test_15seed_1_20260906172111,2026-09-06T17:21:11.308168,elliptic,07_significance_test_15seed,1,aca7e2b,True,F1_graphsage,0.4318463444857497,,outputs/logs/elliptic_07.log,
elliptic_07_significance_test_15seed_7_20260906172111,2026-09-06T17:21:11.431379,elliptic,07_significance_test_15seed,7,aca7e2b,True,F1_graphsage,0.4740007074637425,,outputs/logs/elliptic_07.log,
elliptic_07_significance_test_15seed_123_20260906172111,2026-09-06T17:21:11.533268,elliptic,07_significance_test_15seed,123,aca7e2b,True,F1_graphsage,0.4908896034297964,,outputs/logs/elliptic_07.log,
elliptic_07_significance_test_15seed_2024_20260906172111,2026-09-06T17:21:11.623118,elliptic,07_significance_test_15seed,2024,aca7e2b,True,F1_graphsage,0.4511415525114155,,outputs/logs/elliptic_07.log,
elliptic_07_significance_test_15seed_2_20260906172111,2026-09-06T17:21:11.706384,elliptic,07_significance_test_15seed,2,aca7e2b,True,F1_graphsage,0.3964757709251101,,outputs/logs/elliptic_07.log,
elliptic_07_significance_test_15seed_3_20260906172111,2026-09-06T17:21:11.783877,elliptic,07_significance_test_15seed,3,aca7e2b,True,F1_graphsage,0.40802859499587574,,outputs/logs/elliptic_07.log,
elliptic_07_significance_test_15seed_4_20260906172111,2026-09-06T17:21:11.859745,elliptic,07_significance_test_15seed,4,aca7e2b,True,F1_graphsage,0.4477329974811083,,outputs/logs/elliptic_07.log,
elliptic_07_significance_test_15seed_5_20260906172111,2026-09-06T17:21:11.927761,elliptic,07_significance_test_15seed,5,aca7e2b,True,F1_graphsage,0.40800444691495275,,outputs/logs/elliptic_07.log,
elliptic_07_significance_test_15seed_6_20260906172111,2026-09-06T17:21:11.994146,elliptic,07_significance_test_15seed,6,aca7e2b,True,F1_graphsage,0.4293304994686504,,outputs/logs/elliptic_07.log,
elliptic_07_significance_test_15seed_8_20260906172112,2026-09-06T17:21:12.065514,elliptic,07_significance_test_15seed,8,aca7e2b,True,F1_graphsage,0.4801358234295416,,outputs/logs/elliptic_07.log,
elliptic_07_significance_test_15seed_9_20260906172112,2026-09-06T17:21:12.133058,elliptic,07_significance_test_15seed,9,aca7e2b,True,F1_graphsage,0.4789665452136469,,outputs/logs/elliptic_07.log,
elliptic_07_significance_test_15seed_10_20260906172112,2026-09-06T17:21:12.202142,elliptic,07_significance_test_15seed,10,aca7e2b,True,F1_graphsage,0.4012503552145496,,outputs/logs/elliptic_07.log,
elliptic_07_significance_test_15seed_11_20260906172112,2026-09-06T17:21:12.272034,elliptic,07_significance_test_15seed,11,aca7e2b,True,F1_graphsage,0.4443069306930693,,outputs/logs/elliptic_07.log,
elliptic_07_significance_test_15seed_12_20260906172112,2026-09-06T17:21:12.341010,elliptic,07_significance_test_15seed,12,aca7e2b,True,F1_graphsage,0.446229913473424,,outputs/logs/elliptic_07.log,
elliptic_07_significance_test_15seed_42_20260906172112,2026-09-06T17:21:12.420229,elliptic,07_significance_test_15seed,42,aca7e2b,True,F1_tie,0.424653956646644,,outputs/logs/elliptic_07.log,
elliptic_07_significance_test_15seed_1_20260906172112,2026-09-06T17:21:12.490060,elliptic,07_significance_test_15seed,1,aca7e2b,True,F1_tie,0.3704188481675393,,outputs/logs/elliptic_07.log,
elliptic_07_significance_test_15seed_7_20260906172112,2026-09-06T17:21:12.558749,elliptic,07_significance_test_15seed,7,aca7e2b,True,F1_tie,0.4552443712246019,,outputs/logs/elliptic_07.log,
elliptic_07_significance_test_15seed_123_20260906172112,2026-09-06T17:21:12.649326,elliptic,07_significance_test_15seed,123,aca7e2b,True,F1_tie,0.5417310664605873,,outputs/logs/elliptic_07.log,
elliptic_07_significance_test_15seed_2024_20260906172112,2026-09-06T17:21:12.717096,elliptic,07_significance_test_15seed,2024,aca7e2b,True,F1_tie,0.3223416080029641,,outputs/logs/elliptic_07.log,
elliptic_07_significance_test_15seed_2_20260906172112,2026-09-06T17:21:12.776985,elliptic,07_significance_test_15seed,2,aca7e2b,True,F1_tie,0.519627681100769,,outputs/logs/elliptic_07.log,
elliptic_07_significance_test_15seed_3_20260906172112,2026-09-06T17:21:12.841738,elliptic,07_significance_test_15seed,3,aca7e2b,True,F1_tie,0.408062930186824,,outputs/logs/elliptic_07.log,
elliptic_07_significance_test_15seed_4_20260906172112,2026-09-06T17:21:12.911826,elliptic,07_significance_test_15seed,4,aca7e2b,True,F1_tie,0.3837655016910936,,outputs/logs/elliptic_07.log,
elliptic_07_significance_test_15seed_5_20260906172112,2026-09-06T17:21:12.977609,elliptic,07_significance_test_15seed,5,aca7e2b,True,F1_tie,0.4116923076923077,,outputs/logs/elliptic_07.log,
elliptic_07_significance_test_15seed_6_20260906172113,2026-09-06T17:21:13.037050,elliptic,07_significance_test_15seed,6,aca7e2b,True,F1_tie,0.45029420873335396,,outputs/logs/elliptic_07.log,
elliptic_07_significance_test_15seed_8_20260906172113,2026-09-06T17:21:13.102458,elliptic,07_significance_test_15seed,8,aca7e2b,True,F1_tie,0.40240397177946174,,outputs/logs/elliptic_07.log,
elliptic_07_significance_test_15seed_9_20260906172113,2026-09-06T17:21:13.168795,elliptic,07_significance_test_15seed,9,aca7e2b,True,F1_tie,0.341701011614837,,outputs/logs/elliptic_07.log,
elliptic_07_significance_test_15seed_10_20260906172113,2026-09-06T17:21:13.235073,elliptic,07_significance_test_15seed,10,aca7e2b,True,F1_tie,0.33495736906211937,,outputs/logs/elliptic_07.log,
elliptic_07_significance_test_15seed_11_20260906172113,2026-09-06T17:21:13.301669,elliptic,07_significance_test_15seed,11,aca7e2b,True,F1_tie,0.39598997493734334,,outputs/logs/elliptic_07.log,
elliptic_07_significance_test_15seed_12_20260906172113,2026-09-06T17:21:13.365672,elliptic,07_significance_test_15seed,12,aca7e2b,True,F1_tie,0.3758241758241758,,outputs/logs/elliptic_07.log,
samld_03_binary_training_multiseed_42_20260906230001,2026-09-06T23:00:01.106751,samld,03_binary_training_multiseed,42,aca7e2b,True,F1,0.10115606936416185,outputs/checkpoints/samld/samld_seed_42.pt,outputs/logs/samld_03.log,
samld_03_binary_training_multiseed_1_20260906230739,2026-09-06T23:07:39.298518,samld,03_binary_training_multiseed,1,aca7e2b,True,F1,0.045575757575757575,outputs/checkpoints/samld/samld_seed_1.pt,outputs/logs/samld_03.log,
samld_03_binary_training_multiseed_7_20260906231458,2026-09-06T23:14:58.597661,samld,03_binary_training_multiseed,7,aca7e2b,True,F1,0.047510452299505894,outputs/checkpoints/samld/samld_seed_7.pt,outputs/logs/samld_03.log,
samld_03_binary_training_multiseed_123_20260906232000,2026-09-06T23:20:00.297381,samld,03_binary_training_multiseed,123,aca7e2b,True,F1,0.04935678655815175,outputs/checkpoints/samld/samld_seed_123.pt,outputs/logs/samld_03.log,
samld_03_binary_training_multiseed_2024_20260906232500,2026-09-06T23:25:00.213589,samld,03_binary_training_multiseed,2024,aca7e2b,True,F1,0.050087361677344205,outputs/checkpoints/samld/samld_seed_2024.pt,outputs/logs/samld_03.log,
samld_03_binary_training_multiseed_2_20260906233005,2026-09-06T23:30:05.619648,samld,03_binary_training_multiseed,2,aca7e2b,True,F1,0.07950310559006211,outputs/checkpoints/samld/samld_seed_2.pt,outputs/logs/samld_03.log,
samld_03_binary_training_multiseed_3_20260906233632,2026-09-06T23:36:32.445838,samld,03_binary_training_multiseed,3,aca7e2b,True,F1,0.06960426606792029,outputs/checkpoints/samld/samld_seed_3.pt,outputs/logs/samld_03.log,
samld_03_binary_training_multiseed_4_20260906234706,2026-09-06T23:47:06.552439,samld,03_binary_training_multiseed,4,aca7e2b,True,F1,0.05644896619625862,outputs/checkpoints/samld/samld_seed_4.pt,outputs/logs/samld_03.log,
samld_03_binary_training_multiseed_5_20260906235630,2026-09-06T23:56:30.058226,samld,03_binary_training_multiseed,5,aca7e2b,True,F1,0.061476587187589776,outputs/checkpoints/samld/samld_seed_5.pt,outputs/logs/samld_03.log,
samld_03_binary_training_multiseed_6_20260907000509,2026-09-07T00:05:09.015241,samld,03_binary_training_multiseed,6,aca7e2b,True,F1,0.04280588890263516,outputs/checkpoints/samld/samld_seed_6.pt,outputs/logs/samld_03.log,
samld_03_binary_training_multiseed_8_20260907001339,2026-09-07T00:13:39.098299,samld,03_binary_training_multiseed,8,aca7e2b,True,F1,0.04379961675335341,outputs/checkpoints/samld/samld_seed_8.pt,outputs/logs/samld_03.log,
samld_03_binary_training_multiseed_9_20260907002204,2026-09-07T00:22:04.499876,samld,03_binary_training_multiseed,9,aca7e2b,True,F1,0.035778985507246376,outputs/checkpoints/samld/samld_seed_9.pt,outputs/logs/samld_03.log,
samld_03_binary_training_multiseed_10_20260907002839,2026-09-07T00:28:39.520435,samld,03_binary_training_multiseed,10,aca7e2b,True,F1,0.14935064935064934,outputs/checkpoints/samld/samld_seed_10.pt,outputs/logs/samld_03.log,
samld_03_binary_training_multiseed_11_20260907003333,2026-09-07T00:33:33.485506,samld,03_binary_training_multiseed,11,aca7e2b,True,F1,0.14863102998696218,outputs/checkpoints/samld/samld_seed_11.pt,outputs/logs/samld_03.log,
samld_03_binary_training_multiseed_12_20260907003826,2026-09-07T00:38:26.412091,samld,03_binary_training_multiseed,12,aca7e2b,True,F1,0.044218228089708926,outputs/checkpoints/samld/samld_seed_12.pt,outputs/logs/samld_03.log,
samld_06_typology_two_stage_42_20260907005041,2026-09-07T00:50:41.177108,samld,06_typology_two_stage,42,aca7e2b,True,macro_f1_embedding_only,0.11257909896928506,outputs/checkpoints/samld/samld_seed_42.pt,outputs/logs/samld_06.log,
samld_06_typology_two_stage_42_20260907005041,2026-09-07T00:50:41.523329,samld,06_typology_two_stage,42,aca7e2b,True,macro_f1_embedding_structural,0.10035851391302827,outputs/checkpoints/samld/samld_seed_42.pt,outputs/logs/samld_06.log,
samld_06_typology_two_stage_1_20260907005042,2026-09-07T00:50:42.095743,samld,06_typology_two_stage,1,aca7e2b,True,macro_f1_embedding_only,0.1376072612443588,outputs/checkpoints/samld/samld_seed_1.pt,outputs/logs/samld_06.log,
samld_06_typology_two_stage_1_20260907005042,2026-09-07T00:50:42.471477,samld,06_typology_two_stage,1,aca7e2b,True,macro_f1_embedding_structural,0.14729183683425967,outputs/checkpoints/samld/samld_seed_1.pt,outputs/logs/samld_06.log,
samld_06_typology_two_stage_7_20260907005042,2026-09-07T00:50:42.946220,samld,06_typology_two_stage,7,aca7e2b,True,macro_f1_embedding_only,0.11913041689725086,outputs/checkpoints/samld/samld_seed_7.pt,outputs/logs/samld_06.log,
samld_06_typology_two_stage_7_20260907005043,2026-09-07T00:50:43.249427,samld,06_typology_two_stage,7,aca7e2b,True,macro_f1_embedding_structural,0.10570952488868883,outputs/checkpoints/samld/samld_seed_7.pt,outputs/logs/samld_06.log,
samld_06_typology_two_stage_123_20260907005043,2026-09-07T00:50:43.740961,samld,06_typology_two_stage,123,aca7e2b,True,macro_f1_embedding_only,0.11231451080115193,outputs/checkpoints/samld/samld_seed_123.pt,outputs/logs/samld_06.log,
samld_06_typology_two_stage_123_20260907005044,2026-09-07T00:50:44.019850,samld,06_typology_two_stage,123,aca7e2b,True,macro_f1_embedding_structural,0.1398782709953867,outputs/checkpoints/samld/samld_seed_123.pt,outputs/logs/samld_06.log,
samld_06_typology_two_stage_2024_20260907005045,2026-09-07T00:50:45.022732,samld,06_typology_two_stage,2024,aca7e2b,True,macro_f1_embedding_only,0.11481974781196413,outputs/checkpoints/samld/samld_seed_2024.pt,outputs/logs/samld_06.log,
samld_06_typology_two_stage_2024_20260907005045,2026-09-07T00:50:45.517525,samld,06_typology_two_stage,2024,aca7e2b,True,macro_f1_embedding_structural,0.1443435838697486,outputs/checkpoints/samld/samld_seed_2024.pt,outputs/logs/samld_06.log,
samld_06_typology_two_stage_2_20260907005046,2026-09-07T00:50:46.250642,samld,06_typology_two_stage,2,aca7e2b,True,macro_f1_embedding_only,0.17747367568019742,outputs/checkpoints/samld/samld_seed_2.pt,outputs/logs/samld_06.log,
samld_06_typology_two_stage_2_20260907005046,2026-09-07T00:50:46.648171,samld,06_typology_two_stage,2,aca7e2b,True,macro_f1_embedding_structural,0.17079935702843158,outputs/checkpoints/samld/samld_seed_2.pt,outputs/logs/samld_06.log,
samld_06_typology_two_stage_3_20260907005047,2026-09-07T00:50:47.458461,samld,06_typology_two_stage,3,aca7e2b,True,macro_f1_embedding_only,0.14568076470783672,outputs/checkpoints/samld/samld_seed_3.pt,outputs/logs/samld_06.log,
samld_06_typology_two_stage_3_20260907005047,2026-09-07T00:50:47.869330,samld,06_typology_two_stage,3,aca7e2b,True,macro_f1_embedding_structural,0.1570765200866876,outputs/checkpoints/samld/samld_seed_3.pt,outputs/logs/samld_06.log,
samld_06_typology_two_stage_4_20260907005048,2026-09-07T00:50:48.643977,samld,06_typology_two_stage,4,aca7e2b,True,macro_f1_embedding_only,0.11796203172429583,outputs/checkpoints/samld/samld_seed_4.pt,outputs/logs/samld_06.log,
samld_06_typology_two_stage_4_20260907005049,2026-09-07T00:50:49.061778,samld,06_typology_two_stage,4,aca7e2b,True,macro_f1_embedding_structural,0.1221927999221933,outputs/checkpoints/samld/samld_seed_4.pt,outputs/logs/samld_06.log,
samld_06_typology_two_stage_5_20260907005049,2026-09-07T00:50:49.776524,samld,06_typology_two_stage,5,aca7e2b,True,macro_f1_embedding_only,0.10299848487386873,outputs/checkpoints/samld/samld_seed_5.pt,outputs/logs/samld_06.log,
samld_06_typology_two_stage_5_20260907005050,2026-09-07T00:50:50.161787,samld,06_typology_two_stage,5,aca7e2b,True,macro_f1_embedding_structural,0.10825573331298828,outputs/checkpoints/samld/samld_seed_5.pt,outputs/logs/samld_06.log,
samld_06_typology_two_stage_6_20260907005050,2026-09-07T00:50:50.992012,samld,06_typology_two_stage,6,aca7e2b,True,macro_f1_embedding_only,0.13583978581057804,outputs/checkpoints/samld/samld_seed_6.pt,outputs/logs/samld_06.log,
samld_06_typology_two_stage_6_20260907005051,2026-09-07T00:50:51.443924,samld,06_typology_two_stage,6,aca7e2b,True,macro_f1_embedding_structural,0.14046134301780294,outputs/checkpoints/samld/samld_seed_6.pt,outputs/logs/samld_06.log,
samld_06_typology_two_stage_8_20260907005052,2026-09-07T00:50:52.202266,samld,06_typology_two_stage,8,aca7e2b,True,macro_f1_embedding_only,0.15511213932574958,outputs/checkpoints/samld/samld_seed_8.pt,outputs/logs/samld_06.log,
samld_06_typology_two_stage_8_20260907005052,2026-09-07T00:50:52.644933,samld,06_typology_two_stage,8,aca7e2b,True,macro_f1_embedding_structural,0.17765732317422525,outputs/checkpoints/samld/samld_seed_8.pt,outputs/logs/samld_06.log,
samld_06_typology_two_stage_9_20260907005053,2026-09-07T00:50:53.342344,samld,06_typology_two_stage,9,aca7e2b,True,macro_f1_embedding_only,0.10974980506420148,outputs/checkpoints/samld/samld_seed_9.pt,outputs/logs/samld_06.log,
samld_06_typology_two_stage_9_20260907005053,2026-09-07T00:50:53.690256,samld,06_typology_two_stage,9,aca7e2b,True,macro_f1_embedding_structural,0.11577123936301917,outputs/checkpoints/samld/samld_seed_9.pt,outputs/logs/samld_06.log,
samld_06_typology_two_stage_10_20260907005054,2026-09-07T00:50:54.597078,samld,06_typology_two_stage,10,aca7e2b,True,macro_f1_embedding_only,0.1297140154788853,outputs/checkpoints/samld/samld_seed_10.pt,outputs/logs/samld_06.log,
samld_06_typology_two_stage_10_20260907005055,2026-09-07T00:50:55.092713,samld,06_typology_two_stage,10,aca7e2b,True,macro_f1_embedding_structural,0.10133446541672342,outputs/checkpoints/samld/samld_seed_10.pt,outputs/logs/samld_06.log,
samld_06_typology_two_stage_11_20260907005056,2026-09-07T00:50:56.032479,samld,06_typology_two_stage,11,aca7e2b,True,macro_f1_embedding_only,0.16534910673703332,outputs/checkpoints/samld/samld_seed_11.pt,outputs/logs/samld_06.log,
samld_06_typology_two_stage_11_20260907005056,2026-09-07T00:50:56.729389,samld,06_typology_two_stage,11,aca7e2b,True,macro_f1_embedding_structural,0.18128156978816898,outputs/checkpoints/samld/samld_seed_11.pt,outputs/logs/samld_06.log,
samld_06_typology_two_stage_12_20260907005057,2026-09-07T00:50:57.621648,samld,06_typology_two_stage,12,aca7e2b,True,macro_f1_embedding_only,0.11980268301556656,outputs/checkpoints/samld/samld_seed_12.pt,outputs/logs/samld_06.log,
samld_06_typology_two_stage_12_20260907005058,2026-09-07T00:50:58.165418,samld,06_typology_two_stage,12,aca7e2b,True,macro_f1_embedding_structural,0.1221610081196934,outputs/checkpoints/samld/samld_seed_12.pt,outputs/logs/samld_06.log,
samld_07_fair_reference_baseline_42_20260907005104,2026-09-07T00:51:04.854593,samld,07_fair_reference_baseline,42,aca7e2b,True,precision_p90,0.018151619409182584,outputs/checkpoints/samld/samld_seed_42.pt,outputs/logs/samld_07.log,recall_p90=0.3072
samld_07_fair_reference_baseline_42_20260907005104,2026-09-07T00:51:04.953727,samld,07_fair_reference_baseline,42,aca7e2b,True,precision_p95,0.01916605705925384,outputs/checkpoints/samld/samld_seed_42.pt,outputs/logs/samld_07.log,recall_p95=0.2631
samld_07_fair_reference_baseline_42_20260907005105,2026-09-07T00:51:05.024452,samld,07_fair_reference_baseline,42,aca7e2b,True,precision_p99,0.08066429418742586,outputs/checkpoints/samld/samld_seed_42.pt,outputs/logs/samld_07.log,recall_p99=0.1365
samld_07_fair_reference_baseline_1_20260907005105,2026-09-07T00:51:05.376642,samld,07_fair_reference_baseline,1,aca7e2b,True,precision_p90,0.023490331000118637,outputs/checkpoints/samld/samld_seed_1.pt,outputs/logs/samld_07.log,recall_p90=0.3976
samld_07_fair_reference_baseline_1_20260907005105,2026-09-07T00:51:05.456913,samld,07_fair_reference_baseline,1,aca7e2b,True,precision_p95,0.018030842230130486,outputs/checkpoints/samld/samld_seed_1.pt,outputs/logs/samld_07.log,recall_p95=0.1526
samld_07_fair_reference_baseline_1_20260907005105,2026-09-07T00:51:05.535573,samld,07_fair_reference_baseline,1,aca7e2b,True,precision_p99,0.015366430260047281,outputs/checkpoints/samld/samld_seed_1.pt,outputs/logs/samld_07.log,recall_p99=0.0261
samld_07_fair_reference_baseline_7_20260907005106,2026-09-07T00:51:06.036063,samld,07_fair_reference_baseline,7,aca7e2b,True,precision_p90,0.024795349389014117,outputs/checkpoints/samld/samld_seed_7.pt,outputs/logs/samld_07.log,recall_p90=0.4197
samld_07_fair_reference_baseline_7_20260907005106,2026-09-07T00:51:06.192826,samld,07_fair_reference_baseline,7,aca7e2b,True,precision_p95,0.026809015421115065,outputs/checkpoints/samld/samld_seed_7.pt,outputs/logs/samld_07.log,recall_p95=0.2269
samld_07_fair_reference_baseline_7_20260907005106,2026-09-07T00:51:06.334804,samld,07_fair_reference_baseline,7,aca7e2b,True,precision_p99,0.04260355029585799,outputs/checkpoints/samld/samld_seed_7.pt,outputs/logs/samld_07.log,recall_p99=0.0723
samld_07_fair_reference_baseline_123_20260907005106,2026-09-07T00:51:06.959632,samld,07_fair_reference_baseline,123,aca7e2b,True,precision_p90,0.02562581563649306,outputs/checkpoints/samld/samld_seed_123.pt,outputs/logs/samld_07.log,recall_p90=0.4337
samld_07_fair_reference_baseline_123_20260907005107,2026-09-07T00:51:07.108592,samld,07_fair_reference_baseline,123,aca7e2b,True,precision_p95,0.02111506524317912,outputs/checkpoints/samld/samld_seed_123.pt,outputs/logs/samld_07.log,recall_p95=0.1787
samld_07_fair_reference_baseline_123_20260907005107,2026-09-07T00:51:07.228609,samld,07_fair_reference_baseline,123,aca7e2b,True,precision_p99,0.024881516587677725,outputs/checkpoints/samld/samld_seed_123.pt,outputs/logs/samld_07.log,recall_p99=0.0422
samld_07_fair_reference_baseline_2024_20260907005107,2026-09-07T00:51:07.750959,samld,07_fair_reference_baseline,2024,aca7e2b,True,precision_p90,0.021829398505160753,outputs/checkpoints/samld/samld_seed_2024.pt,outputs/logs/samld_07.log,recall_p90=0.3695
samld_07_fair_reference_baseline_2024_20260907005107,2026-09-07T00:51:07.896457,samld,07_fair_reference_baseline,2024,aca7e2b,True,precision_p95,0.021826809015421115,outputs/checkpoints/samld/samld_seed_2024.pt,outputs/logs/samld_07.log,recall_p95=0.1847
samld_07_fair_reference_baseline_2024_20260907005108,2026-09-07T00:51:08.037147,samld,07_fair_reference_baseline,2024,aca7e2b,True,precision_p99,0.027251184834123223,outputs/checkpoints/samld/samld_seed_2024.pt,outputs/logs/samld_07.log,recall_p99=0.0462
samld_07_fair_reference_baseline_2_20260907005108,2026-09-07T00:51:08.692636,samld,07_fair_reference_baseline,2,aca7e2b,True,precision_p90,0.023371692964764504,outputs/checkpoints/samld/samld_seed_2.pt,outputs/logs/samld_07.log,recall_p90=0.3956
samld_07_fair_reference_baseline_2_20260907005108,2026-09-07T00:51:08.850924,samld,07_fair_reference_baseline,2,aca7e2b,True,precision_p95,0.03202846975088968,outputs/checkpoints/samld/samld_seed_2.pt,outputs/logs/samld_07.log,recall_p95=0.2711
samld_07_fair_reference_baseline_2_20260907005109,2026-09-07T00:51:09.008627,samld,07_fair_reference_baseline,2,aca7e2b,True,precision_p99,0.06998813760379596,outputs/checkpoints/samld/samld_seed_2.pt,outputs/logs/samld_07.log,recall_p99=0.1185
samld_07_fair_reference_baseline_3_20260907005109,2026-09-07T00:51:09.610300,samld,07_fair_reference_baseline,3,aca7e2b,True,precision_p90,0.025388539565784792,outputs/checkpoints/samld/samld_seed_3.pt,outputs/logs/samld_07.log,recall_p90=0.4297
samld_07_fair_reference_baseline_3_20260907005109,2026-09-07T00:51:09.772035,samld,07_fair_reference_baseline,3,aca7e2b,True,precision_p95,0.03558718861209965,outputs/checkpoints/samld/samld_seed_3.pt,outputs/logs/samld_07.log,recall_p95=0.3012
samld_07_fair_reference_baseline_3_20260907005109,2026-09-07T00:51:09.901548,samld,07_fair_reference_baseline,3,aca7e2b,True,precision_p99,0.07938388625592417,outputs/checkpoints/samld/samld_seed_3.pt,outputs/logs/samld_07.log,recall_p99=0.1345
samld_07_fair_reference_baseline_4_20260907005110,2026-09-07T00:51:10.604722,samld,07_fair_reference_baseline,4,aca7e2b,True,precision_p90,0.02194803654051489,outputs/checkpoints/samld/samld_seed_4.pt,outputs/logs/samld_07.log,recall_p90=0.3715
samld_07_fair_reference_baseline_4_20260907005110,2026-09-07T00:51:10.743918,samld,07_fair_reference_baseline,4,aca7e2b,True,precision_p95,0.028944246737841045,outputs/checkpoints/samld/samld_seed_4.pt,outputs/logs/samld_07.log,recall_p95=0.2450
samld_07_fair_reference_baseline_4_20260907005110,2026-09-07T00:51:10.873576,samld,07_fair_reference_baseline,4,aca7e2b,True,precision_p99,0.046263345195729534,outputs/checkpoints/samld/samld_seed_4.pt,outputs/logs/samld_07.log,recall_p99=0.0783
samld_07_fair_reference_baseline_5_20260907005111,2026-09-07T00:51:11.401163,samld,07_fair_reference_baseline,5,aca7e2b,True,precision_p90,0.02366221643330077,outputs/checkpoints/samld/samld_seed_5.pt,outputs/logs/samld_07.log,recall_p90=0.4378
samld_07_fair_reference_baseline_5_20260907005111,2026-09-07T00:51:11.553123,samld,07_fair_reference_baseline,5,aca7e2b,True,precision_p95,0.032977461447212336,outputs/checkpoints/samld/samld_seed_5.pt,outputs/logs/samld_07.log,recall_p95=0.2791
samld_07_fair_reference_baseline_5_20260907005111,2026-09-07T00:51:11.686641,samld,07_fair_reference_baseline,5,aca7e2b,True,precision_p99,0.05219454329774614,outputs/checkpoints/samld/samld_seed_5.pt,outputs/logs/samld_07.log,recall_p99=0.0884
samld_07_fair_reference_baseline_6_20260907005112,2026-09-07T00:51:12.298454,samld,07_fair_reference_baseline,6,aca7e2b,True,precision_p90,0.022185312611223158,outputs/checkpoints/samld/samld_seed_6.pt,outputs/logs/samld_07.log,recall_p90=0.3755
samld_07_fair_reference_baseline_6_20260907005112,2026-09-07T00:51:12.430148,samld,07_fair_reference_baseline,6,aca7e2b,True,precision_p95,0.017793594306049824,outputs/checkpoints/samld/samld_seed_6.pt,outputs/logs/samld_07.log,recall_p95=0.1506
samld_07_fair_reference_baseline_6_20260907005112,2026-09-07T00:51:12.554124,samld,07_fair_reference_baseline,6,aca7e2b,True,precision_p99,0.02965599051008304,outputs/checkpoints/samld/samld_seed_6.pt,outputs/logs/samld_07.log,recall_p99=0.0502
samld_07_fair_reference_baseline_8_20260907005113,2026-09-07T00:51:13.089325,samld,07_fair_reference_baseline,8,aca7e2b,True,precision_p90,0.023490331000118637,outputs/checkpoints/samld/samld_seed_8.pt,outputs/logs/samld_07.log,recall_p90=0.3976
samld_07_fair_reference_baseline_8_20260907005113,2026-09-07T00:51:13.253106,samld,07_fair_reference_baseline,8,aca7e2b,True,precision_p95,0.015417457305502846,outputs/checkpoints/samld/samld_seed_8.pt,outputs/logs/samld_07.log,recall_p95=0.1305
samld_07_fair_reference_baseline_8_20260907005113,2026-09-07T00:51:13.387525,samld,07_fair_reference_baseline,8,aca7e2b,True,precision_p99,0.009471191791633781,outputs/checkpoints/samld/samld_seed_8.pt,outputs/logs/samld_07.log,recall_p99=0.0241
samld_07_fair_reference_baseline_9_20260907005114,2026-09-07T00:51:14.120684,samld,07_fair_reference_baseline,9,aca7e2b,True,precision_p90,0.022541226717285562,outputs/checkpoints/samld/samld_seed_9.pt,outputs/logs/samld_07.log,recall_p90=0.3815
samld_07_fair_reference_baseline_9_20260907005114,2026-09-07T00:51:14.310570,samld,07_fair_reference_baseline,9,aca7e2b,True,precision_p95,0.020166073546856466,outputs/checkpoints/samld/samld_seed_9.pt,outputs/logs/samld_07.log,recall_p95=0.1707
samld_07_fair_reference_baseline_9_20260907005114,2026-09-07T00:51:14.447128,samld,07_fair_reference_baseline,9,aca7e2b,True,precision_p99,0.027283511269276393,outputs/checkpoints/samld/samld_seed_9.pt,outputs/logs/samld_07.log,recall_p99=0.0462
samld_07_fair_reference_baseline_10_20260907005115,2026-09-07T00:51:15.201503,samld,07_fair_reference_baseline,10,aca7e2b,True,precision_p90,0.026693557954680272,outputs/checkpoints/samld/samld_seed_10.pt,outputs/logs/samld_07.log,recall_p90=0.4518
samld_07_fair_reference_baseline_10_20260907005115,2026-09-07T00:51:15.347117,samld,07_fair_reference_baseline,10,aca7e2b,True,precision_p95,0.037247924080664296,outputs/checkpoints/samld/samld_seed_10.pt,outputs/logs/samld_07.log,recall_p95=0.3153
samld_07_fair_reference_baseline_10_20260907005115,2026-09-07T00:51:15.476768,samld,07_fair_reference_baseline,10,aca7e2b,True,precision_p99,0.11387900355871886,outputs/checkpoints/samld/samld_seed_10.pt,outputs/logs/samld_07.log,recall_p99=0.1928
samld_07_fair_reference_baseline_11_20260907005116,2026-09-07T00:51:16.091827,samld,07_fair_reference_baseline,11,aca7e2b,True,precision_p90,0.026456281883972,outputs/checkpoints/samld/samld_seed_11.pt,outputs/logs/samld_07.log,recall_p90=0.4478
samld_07_fair_reference_baseline_11_20260907005116,2026-09-07T00:51:16.251877,samld,07_fair_reference_baseline,11,aca7e2b,True,precision_p95,0.03005507474429583,outputs/checkpoints/samld/samld_seed_11.pt,outputs/logs/samld_07.log,recall_p95=0.3835
samld_07_fair_reference_baseline_11_20260907005116,2026-09-07T00:51:16.391920,samld,07_fair_reference_baseline,11,aca7e2b,True,precision_p99,0.10201660735468565,outputs/checkpoints/samld/samld_seed_11.pt,outputs/logs/samld_07.log,recall_p99=0.1727
samld_07_fair_reference_baseline_12_20260907005116,2026-09-07T00:51:16.901420,samld,07_fair_reference_baseline,12,aca7e2b,True,precision_p90,0.025507177601138926,outputs/checkpoints/samld/samld_seed_12.pt,outputs/logs/samld_07.log,recall_p90=0.4317
samld_07_fair_reference_baseline_12_20260907005117,2026-09-07T00:51:17.035971,samld,07_fair_reference_baseline,12,aca7e2b,True,precision_p95,0.020640569395017794,outputs/checkpoints/samld/samld_seed_12.pt,outputs/logs/samld_07.log,recall_p95=0.1747
samld_07_fair_reference_baseline_12_20260907005117,2026-09-07T00:51:17.155020,samld,07_fair_reference_baseline,12,aca7e2b,True,precision_p99,0.02843601895734597,outputs/checkpoints/samld/samld_seed_12.pt,outputs/logs/samld_07.log,recall_p99=0.0482
samld_archived_multitask_variant_42_20260907005457,2026-09-07T00:54:57.488981,samld,archived_multitask_variant,42,aca7e2b,True,macro_f1_type,0.22517545749624732,,outputs/logs/samld_archived_multitask.log,
samld_archived_multitask_variant_1_20260907005928,2026-09-07T00:59:28.850545,samld,archived_multitask_variant,1,aca7e2b,True,macro_f1_type,0.1376972612199899,,outputs/logs/samld_archived_multitask.log,
samld_archived_multitask_variant_7_20260907010442,2026-09-07T01:04:42.341641,samld,archived_multitask_variant,7,aca7e2b,True,macro_f1_type,0.10852200237201433,,outputs/logs/samld_archived_multitask.log,
samld_archived_multitask_variant_123_20260907010902,2026-09-07T01:09:02.136964,samld,archived_multitask_variant,123,aca7e2b,True,macro_f1_type,0.15182843939352447,,outputs/logs/samld_archived_multitask.log,
samld_archived_multitask_variant_2024_20260907011318,2026-09-07T01:13:18.059598,samld,archived_multitask_variant,2024,aca7e2b,True,macro_f1_type,0.11959514639370754,,outputs/logs/samld_archived_multitask.log,
samld_archived_multitask_variant_2_20260907011726,2026-09-07T01:17:26.770495,samld,archived_multitask_variant,2,aca7e2b,True,macro_f1_type,0.1797442323758113,,outputs/logs/samld_archived_multitask.log,
samld_archived_multitask_variant_3_20260907012033,2026-09-07T01:20:33.212370,samld,archived_multitask_variant,3,aca7e2b,True,macro_f1_type,0.11679323664518892,,outputs/logs/samld_archived_multitask.log,
samld_archived_multitask_variant_4_20260907012338,2026-09-07T01:23:38.728219,samld,archived_multitask_variant,4,aca7e2b,True,macro_f1_type,0.1311123941271855,,outputs/logs/samld_archived_multitask.log,
samld_archived_multitask_variant_5_20260907012641,2026-09-07T01:26:41.980596,samld,archived_multitask_variant,5,aca7e2b,True,macro_f1_type,0.20361768035390146,,outputs/logs/samld_archived_multitask.log,
samld_archived_multitask_variant_6_20260907012946,2026-09-07T01:29:46.419021,samld,archived_multitask_variant,6,aca7e2b,True,macro_f1_type,0.16648548479638847,,outputs/logs/samld_archived_multitask.log,
samld_archived_multitask_variant_8_20260907013250,2026-09-07T01:32:50.602056,samld,archived_multitask_variant,8,aca7e2b,True,macro_f1_type,0.14789738882639358,,outputs/logs/samld_archived_multitask.log,
samld_archived_multitask_variant_9_20260907013559,2026-09-07T01:35:59.882253,samld,archived_multitask_variant,9,aca7e2b,True,macro_f1_type,0.13806079044171377,,outputs/logs/samld_archived_multitask.log,
samld_archived_multitask_variant_10_20260907013902,2026-09-07T01:39:02.278772,samld,archived_multitask_variant,10,aca7e2b,True,macro_f1_type,0.17063479417353863,,outputs/logs/samld_archived_multitask.log,
samld_archived_multitask_variant_11_20260907014204,2026-09-07T01:42:04.633676,samld,archived_multitask_variant,11,aca7e2b,True,macro_f1_type,0.1501156661598373,,outputs/logs/samld_archived_multitask.log,
samld_archived_multitask_variant_12_20260907014507,2026-09-07T01:45:07.250426,samld,archived_multitask_variant,12,aca7e2b,True,macro_f1_type,0.1254112298633622,,outputs/logs/samld_archived_multitask.log,
samld_09_coarse_family_classification_42_20260907014527,2026-09-07T01:45:27.275888,samld,09_coarse_family_classification,42,aca7e2b,True,macro_f1,0.4211573263935628,outputs/checkpoints/samld/samld_seed_42.pt,outputs/logs/samld_09.log,
samld_09_coarse_family_classification_1_20260907014528,2026-09-07T01:45:28.083748,samld,09_coarse_family_classification,1,aca7e2b,True,macro_f1,0.3709308394068673,outputs/checkpoints/samld/samld_seed_1.pt,outputs/logs/samld_09.log,
samld_09_coarse_family_classification_7_20260907014529,2026-09-07T01:45:29.007842,samld,09_coarse_family_classification,7,aca7e2b,True,macro_f1,0.44555190882407764,outputs/checkpoints/samld/samld_seed_7.pt,outputs/logs/samld_09.log,
samld_09_coarse_family_classification_123_20260907014529,2026-09-07T01:45:29.820197,samld,09_coarse_family_classification,123,aca7e2b,True,macro_f1,0.4666202034172242,outputs/checkpoints/samld/samld_seed_123.pt,outputs/logs/samld_09.log,
samld_09_coarse_family_classification_2024_20260907014530,2026-09-07T01:45:30.642529,samld,09_coarse_family_classification,2024,aca7e2b,True,macro_f1,0.469464162986486,outputs/checkpoints/samld/samld_seed_2024.pt,outputs/logs/samld_09.log,
samld_09_coarse_family_classification_2_20260907014531,2026-09-07T01:45:31.609097,samld,09_coarse_family_classification,2,aca7e2b,True,macro_f1,0.395095543155003,outputs/checkpoints/samld/samld_seed_2.pt,outputs/logs/samld_09.log,
samld_09_coarse_family_classification_3_20260907014532,2026-09-07T01:45:32.378449,samld,09_coarse_family_classification,3,aca7e2b,True,macro_f1,0.41831042288521286,outputs/checkpoints/samld/samld_seed_3.pt,outputs/logs/samld_09.log,
samld_09_coarse_family_classification_4_20260907014533,2026-09-07T01:45:33.228188,samld,09_coarse_family_classification,4,aca7e2b,True,macro_f1,0.427525953335389,outputs/checkpoints/samld/samld_seed_4.pt,outputs/logs/samld_09.log,
samld_09_coarse_family_classification_5_20260907014534,2026-09-07T01:45:34.144021,samld,09_coarse_family_classification,5,aca7e2b,True,macro_f1,0.42829878049014053,outputs/checkpoints/samld/samld_seed_5.pt,outputs/logs/samld_09.log,
samld_09_coarse_family_classification_6_20260907014535,2026-09-07T01:45:35.046134,samld,09_coarse_family_classification,6,aca7e2b,True,macro_f1,0.4265991965769762,outputs/checkpoints/samld/samld_seed_6.pt,outputs/logs/samld_09.log,
samld_09_coarse_family_classification_8_20260907014535,2026-09-07T01:45:35.887630,samld,09_coarse_family_classification,8,aca7e2b,True,macro_f1,0.4505844205637166,outputs/checkpoints/samld/samld_seed_8.pt,outputs/logs/samld_09.log,
samld_09_coarse_family_classification_9_20260907014536,2026-09-07T01:45:36.707447,samld,09_coarse_family_classification,9,aca7e2b,True,macro_f1,0.3532277452147632,outputs/checkpoints/samld/samld_seed_9.pt,outputs/logs/samld_09.log,
samld_09_coarse_family_classification_10_20260907014537,2026-09-07T01:45:37.552300,samld,09_coarse_family_classification,10,aca7e2b,True,macro_f1,0.45463731014844666,outputs/checkpoints/samld/samld_seed_10.pt,outputs/logs/samld_09.log,
samld_09_coarse_family_classification_11_20260907014538,2026-09-07T01:45:38.516361,samld,09_coarse_family_classification,11,aca7e2b,True,macro_f1,0.43544756919619604,outputs/checkpoints/samld/samld_seed_11.pt,outputs/logs/samld_09.log,
samld_09_coarse_family_classification_12_20260907014539,2026-09-07T01:45:39.406849,samld,09_coarse_family_classification,12,aca7e2b,True,macro_f1,0.4075112304551802,outputs/checkpoints/samld/samld_seed_12.pt,outputs/logs/samld_09.log,
elliptic_01_train_tie_baseline_42_20260909022450,2026-09-09T02:24:50.554761,elliptic,01_train_tie_baseline,42,a2d1f78,True,F1,0.39855072463768115,,outputs/logs/elliptic_01.log,
elliptic_01_train_tie_baseline_1_20260909022833,2026-09-09T02:28:33.836728,elliptic,01_train_tie_baseline,1,a2d1f78,True,F1,0.4789156626506024,,outputs/logs/elliptic_01.log,
elliptic_01_train_tie_baseline_7_20260909023217,2026-09-09T02:32:17.992059,elliptic,01_train_tie_baseline,7,a2d1f78,True,F1,0.4763819095477387,,outputs/logs/elliptic_01.log,
elliptic_01_train_tie_baseline_123_20260909023603,2026-09-09T02:36:03.159112,elliptic,01_train_tie_baseline,123,a2d1f78,True,F1,0.4717416378316032,,outputs/logs/elliptic_01.log,
elliptic_01_train_tie_baseline_2024_20260909023954,2026-09-09T02:39:54.221097,elliptic,01_train_tie_baseline,2024,a2d1f78,True,F1,0.5,,outputs/logs/elliptic_01.log,
elliptic_01_train_tie_baseline_2_20260909024405,2026-09-09T02:44:05.871628,elliptic,01_train_tie_baseline,2,a2d1f78,True,F1,0.4227740763173834,,outputs/logs/elliptic_01.log,
elliptic_01_train_tie_baseline_3_20260909024858,2026-09-09T02:48:58.895767,elliptic,01_train_tie_baseline,3,a2d1f78,True,F1,0.5007496251874063,,outputs/logs/elliptic_01.log,
elliptic_01_train_tie_baseline_4_20260909025317,2026-09-09T02:53:17.625089,elliptic,01_train_tie_baseline,4,a2d1f78,True,F1,0.5580693815987934,,outputs/logs/elliptic_01.log,
elliptic_01_train_tie_baseline_5_20260909025749,2026-09-09T02:57:49.394265,elliptic,01_train_tie_baseline,5,a2d1f78,True,F1,0.4552901023890785,,outputs/logs/elliptic_01.log,
elliptic_01_train_tie_baseline_6_20260909030207,2026-09-09T03:02:07.646760,elliptic,01_train_tie_baseline,6,a2d1f78,True,F1,0.5026737967914439,,outputs/logs/elliptic_01.log,
elliptic_01_train_tie_baseline_8_20260909030608,2026-09-09T03:06:08.105139,elliptic,01_train_tie_baseline,8,a2d1f78,True,F1,0.5484287559190701,,outputs/logs/elliptic_01.log,
elliptic_01_train_tie_baseline_9_20260909031011,2026-09-09T03:10:11.666787,elliptic,01_train_tie_baseline,9,a2d1f78,True,F1,0.43523316062176165,,outputs/logs/elliptic_01.log,
elliptic_01_train_tie_baseline_10_20260909031421,2026-09-09T03:14:21.194715,elliptic,01_train_tie_baseline,10,a2d1f78,True,F1,0.41885282347710096,,outputs/logs/elliptic_01.log,
elliptic_01_train_tie_baseline_11_20260909031903,2026-09-09T03:19:03.097750,elliptic,01_train_tie_baseline,11,a2d1f78,True,F1,0.5500220361392684,,outputs/logs/elliptic_01.log,
elliptic_01_train_tie_baseline_12_20260909032351,2026-09-09T03:23:51.735444,elliptic,01_train_tie_baseline,12,a2d1f78,True,F1,0.5363844393592677,,outputs/logs/elliptic_01.log,
elliptic_06_final_checkpoint_42_20260909054830,2026-09-09T05:48:30.285195,elliptic,06_final_checkpoint,42,a2d1f78,True,F1,0.47831474597273854,,outputs/logs/elliptic_06.log,
elliptic_01_train_tie_baseline_42_20260909114629,2026-09-09T11:46:29.984844,elliptic,01_train_tie_baseline,42,a2d1f78,True,F1,0.39855072463768115,,outputs/logs/elliptic_01.log,
elliptic_01_train_tie_baseline_1_20260909115037,2026-09-09T11:50:37.951904,elliptic,01_train_tie_baseline,1,a2d1f78,True,F1,0.4789156626506024,,outputs/logs/elliptic_01.log,
elliptic_01_train_tie_baseline_7_20260909115510,2026-09-09T11:55:10.754039,elliptic,01_train_tie_baseline,7,a2d1f78,True,F1,0.4763819095477387,,outputs/logs/elliptic_01.log,
elliptic_01_train_tie_baseline_123_20260909115943,2026-09-09T11:59:43.150118,elliptic,01_train_tie_baseline,123,a2d1f78,True,F1,0.4717416378316032,,outputs/logs/elliptic_01.log,
elliptic_01_train_tie_baseline_2024_20260909120429,2026-09-09T12:04:29.127716,elliptic,01_train_tie_baseline,2024,a2d1f78,True,F1,0.5,,outputs/logs/elliptic_01.log,
elliptic_01_train_tie_baseline_2_20260909120803,2026-09-09T12:08:03.923083,elliptic,01_train_tie_baseline,2,a2d1f78,True,F1,0.4227740763173834,,outputs/logs/elliptic_01.log,
elliptic_01_train_tie_baseline_3_20260909121136,2026-09-09T12:11:36.603794,elliptic,01_train_tie_baseline,3,a2d1f78,True,F1,0.5007496251874063,,outputs/logs/elliptic_01.log,
elliptic_01_train_tie_baseline_4_20260909121507,2026-09-09T12:15:07.541670,elliptic,01_train_tie_baseline,4,a2d1f78,True,F1,0.5580693815987934,,outputs/logs/elliptic_01.log,
elliptic_01_train_tie_baseline_5_20260909121842,2026-09-09T12:18:42.063155,elliptic,01_train_tie_baseline,5,a2d1f78,True,F1,0.4552901023890785,,outputs/logs/elliptic_01.log,
elliptic_01_train_tie_baseline_6_20260909122214,2026-09-09T12:22:14.981994,elliptic,01_train_tie_baseline,6,a2d1f78,True,F1,0.5026737967914439,,outputs/logs/elliptic_01.log,
elliptic_01_train_tie_baseline_8_20260909122552,2026-09-09T12:25:52.977728,elliptic,01_train_tie_baseline,8,a2d1f78,True,F1,0.5484287559190701,,outputs/logs/elliptic_01.log,
elliptic_01_train_tie_baseline_9_20260909122928,2026-09-09T12:29:28.497173,elliptic,01_train_tie_baseline,9,a2d1f78,True,F1,0.43523316062176165,,outputs/logs/elliptic_01.log,
elliptic_01_train_tie_baseline_10_20260909123300,2026-09-09T12:33:00.637666,elliptic,01_train_tie_baseline,10,a2d1f78,True,F1,0.41885282347710096,,outputs/logs/elliptic_01.log,
elliptic_01_train_tie_baseline_11_20260909123633,2026-09-09T12:36:33.286452,elliptic,01_train_tie_baseline,11,a2d1f78,True,F1,0.5500220361392684,,outputs/logs/elliptic_01.log,
elliptic_01_train_tie_baseline_12_20260909124005,2026-09-09T12:40:05.831059,elliptic,01_train_tie_baseline,12,a2d1f78,True,F1,0.5363844393592677,,outputs/logs/elliptic_01.log,
elliptic_06_final_checkpoint_42_20260909150752,2026-09-09T15:07:52.811497,elliptic,06_final_checkpoint,42,a2d1f78,True,F1,0.47831474597273854,,outputs/logs/elliptic_06.log,
elliptic_06_final_checkpoint_1_20260909151901,2026-09-09T15:19:01.883568,elliptic,06_final_checkpoint,1,a2d1f78,True,F1,0.5335169880624426,,outputs/logs/elliptic_06.log,
elliptic_06_final_checkpoint_7_20260909153234,2026-09-09T15:32:34.283793,elliptic,06_final_checkpoint,7,a2d1f78,True,F1,0.5511607910576096,,outputs/logs/elliptic_06.log,
elliptic_06_final_checkpoint_123_20260909154056,2026-09-09T15:40:56.319532,elliptic,06_final_checkpoint,123,a2d1f78,True,F1,0.5506872852233677,,outputs/logs/elliptic_06.log,
elliptic_06_final_checkpoint_2024_20260909155407,2026-09-09T15:54:07.590535,elliptic,06_final_checkpoint,2024,a2d1f78,True,F1,0.5134636665437108,,outputs/logs/elliptic_06.log,
elliptic_06_final_checkpoint_42_20260909160721,2026-09-09T16:07:21.798304,elliptic,06_final_checkpoint,42,a2d1f78,True,F1,0.47831474597273854,,outputs/logs/elliptic_06.log,
elliptic_06_final_checkpoint_1_20260909161357,2026-09-09T16:13:57.964663,elliptic,06_final_checkpoint,1,a2d1f78,True,F1,0.5335169880624426,,outputs/logs/elliptic_06.log,
elliptic_06_final_checkpoint_7_20260909162035,2026-09-09T16:20:35.746965,elliptic,06_final_checkpoint,7,a2d1f78,True,F1,0.5511607910576096,,outputs/logs/elliptic_06.log,
elliptic_06_final_checkpoint_123_20260909162718,2026-09-09T16:27:18.605269,elliptic,06_final_checkpoint,123,a2d1f78,True,F1,0.5506872852233677,,outputs/logs/elliptic_06.log,
elliptic_06_final_checkpoint_2024_20260909163400,2026-09-09T16:34:00.094662,elliptic,06_final_checkpoint,2024,a2d1f78,True,F1,0.5134636665437108,,outputs/logs/elliptic_06.log,
elliptic_07_significance_test_15seed_42_20260909192218,2026-09-09T19:22:18.769455,elliptic,07_significance_test_15seed,42,a2d1f78,True,F1_graphsage,0.47831474597273854,,outputs/logs/elliptic_07.log,
elliptic_07_significance_test_15seed_1_20260909192218,2026-09-09T19:22:18.926660,elliptic,07_significance_test_15seed,1,a2d1f78,True,F1_graphsage,0.5335169880624426,,outputs/logs/elliptic_07.log,
elliptic_07_significance_test_15seed_7_20260909192219,2026-09-09T19:22:19.039888,elliptic,07_significance_test_15seed,7,a2d1f78,True,F1_graphsage,0.5511607910576096,,outputs/logs/elliptic_07.log,
elliptic_07_significance_test_15seed_123_20260909192219,2026-09-09T19:22:19.149519,elliptic,07_significance_test_15seed,123,a2d1f78,True,F1_graphsage,0.5506872852233677,,outputs/logs/elliptic_07.log,
elliptic_07_significance_test_15seed_2024_20260909192219,2026-09-09T19:22:19.244753,elliptic,07_significance_test_15seed,2024,a2d1f78,True,F1_graphsage,0.5134636665437108,,outputs/logs/elliptic_07.log,
elliptic_07_significance_test_15seed_2_20260909192219,2026-09-09T19:22:19.338400,elliptic,07_significance_test_15seed,2,a2d1f78,True,F1_graphsage,0.45582896329164985,,outputs/logs/elliptic_07.log,
elliptic_07_significance_test_15seed_3_20260909192219,2026-09-09T19:22:19.428741,elliptic,07_significance_test_15seed,3,a2d1f78,True,F1_graphsage,0.5518062723302898,,outputs/logs/elliptic_07.log,
elliptic_07_significance_test_15seed_4_20260909192219,2026-09-09T19:22:19.521975,elliptic,07_significance_test_15seed,4,a2d1f78,True,F1_graphsage,0.5008319467554077,,outputs/logs/elliptic_07.log,
elliptic_07_significance_test_15seed_5_20260909192219,2026-09-09T19:22:19.607075,elliptic,07_significance_test_15seed,5,a2d1f78,True,F1_graphsage,0.5362182502351834,,outputs/logs/elliptic_07.log,
elliptic_07_significance_test_15seed_6_20260909192219,2026-09-09T19:22:19.685409,elliptic,07_significance_test_15seed,6,a2d1f78,True,F1_graphsage,0.4781297134238311,,outputs/logs/elliptic_07.log,
elliptic_07_significance_test_15seed_8_20260909192219,2026-09-09T19:22:19.760003,elliptic,07_significance_test_15seed,8,a2d1f78,True,F1_graphsage,0.539827036868457,,outputs/logs/elliptic_07.log,
elliptic_07_significance_test_15seed_9_20260909192219,2026-09-09T19:22:19.833821,elliptic,07_significance_test_15seed,9,a2d1f78,True,F1_graphsage,0.5720430107526882,,outputs/logs/elliptic_07.log,
elliptic_07_significance_test_15seed_10_20260909192219,2026-09-09T19:22:19.904062,elliptic,07_significance_test_15seed,10,a2d1f78,True,F1_graphsage,0.47960199004975124,,outputs/logs/elliptic_07.log,
elliptic_07_significance_test_15seed_11_20260909192219,2026-09-09T19:22:19.973421,elliptic,07_significance_test_15seed,11,a2d1f78,True,F1_graphsage,0.5526179367547952,,outputs/logs/elliptic_07.log,
elliptic_07_significance_test_15seed_12_20260909192220,2026-09-09T19:22:20.041959,elliptic,07_significance_test_15seed,12,a2d1f78,True,F1_graphsage,0.5737855178735105,,outputs/logs/elliptic_07.log,
elliptic_07_significance_test_15seed_42_20260909192220,2026-09-09T19:22:20.109755,elliptic,07_significance_test_15seed,42,a2d1f78,True,F1_tie,0.39855072463768115,,outputs/logs/elliptic_07.log,
elliptic_07_significance_test_15seed_1_20260909192220,2026-09-09T19:22:20.175993,elliptic,07_significance_test_15seed,1,a2d1f78,True,F1_tie,0.4789156626506024,,outputs/logs/elliptic_07.log,
elliptic_07_significance_test_15seed_7_20260909192220,2026-09-09T19:22:20.243396,elliptic,07_significance_test_15seed,7,a2d1f78,True,F1_tie,0.4763819095477387,,outputs/logs/elliptic_07.log,
elliptic_07_significance_test_15seed_123_20260909192220,2026-09-09T19:22:20.308026,elliptic,07_significance_test_15seed,123,a2d1f78,True,F1_tie,0.4717416378316032,,outputs/logs/elliptic_07.log,
elliptic_07_significance_test_15seed_2024_20260909192220,2026-09-09T19:22:20.373373,elliptic,07_significance_test_15seed,2024,a2d1f78,True,F1_tie,0.5,,outputs/logs/elliptic_07.log,
elliptic_07_significance_test_15seed_2_20260909192220,2026-09-09T19:22:20.437893,elliptic,07_significance_test_15seed,2,a2d1f78,True,F1_tie,0.4227740763173834,,outputs/logs/elliptic_07.log,
elliptic_07_significance_test_15seed_3_20260909192220,2026-09-09T19:22:20.503065,elliptic,07_significance_test_15seed,3,a2d1f78,True,F1_tie,0.5007496251874063,,outputs/logs/elliptic_07.log,
elliptic_07_significance_test_15seed_4_20260909192220,2026-09-09T19:22:20.570512,elliptic,07_significance_test_15seed,4,a2d1f78,True,F1_tie,0.5580693815987934,,outputs/logs/elliptic_07.log,
elliptic_07_significance_test_15seed_5_20260909192220,2026-09-09T19:22:20.640859,elliptic,07_significance_test_15seed,5,a2d1f78,True,F1_tie,0.4552901023890785,,outputs/logs/elliptic_07.log,
elliptic_07_significance_test_15seed_6_20260909192220,2026-09-09T19:22:20.707008,elliptic,07_significance_test_15seed,6,a2d1f78,True,F1_tie,0.5026737967914439,,outputs/logs/elliptic_07.log,
elliptic_07_significance_test_15seed_8_20260909192220,2026-09-09T19:22:20.778176,elliptic,07_significance_test_15seed,8,a2d1f78,True,F1_tie,0.5484287559190701,,outputs/logs/elliptic_07.log,
elliptic_07_significance_test_15seed_9_20260909192220,2026-09-09T19:22:20.853025,elliptic,07_significance_test_15seed,9,a2d1f78,True,F1_tie,0.43523316062176165,,outputs/logs/elliptic_07.log,
elliptic_07_significance_test_15seed_10_20260909192220,2026-09-09T19:22:20.923920,elliptic,07_significance_test_15seed,10,a2d1f78,True,F1_tie,0.41885282347710096,,outputs/logs/elliptic_07.log,
elliptic_07_significance_test_15seed_11_20260909192220,2026-09-09T19:22:20.988322,elliptic,07_significance_test_15seed,11,a2d1f78,True,F1_tie,0.5500220361392684,,outputs/logs/elliptic_07.log,
elliptic_07_significance_test_15seed_12_20260909192221,2026-09-09T19:22:21.055806,elliptic,07_significance_test_15seed,12,a2d1f78,True,F1_tie,0.5363844393592677,,outputs/logs/elliptic_07.log,
